"ID","NAME","PLURAL","PRO_HIT","PRO_SHOT","ENC","WEIGHT","FLAVOR"
"ARMOR_ARMY_BODYARMOR","army body armor","army body armors",6,8,6,10,"You look manly!"
"ARMOR_CHAR_LIGHT_BODYARMOR","CHAR body armor","CHAR body armors",4,4,4,10,"Oh! Suits you sir!"
"ARMOR_HELLS_SOULS_JACKET","Hell's Souls jacket","Hell's Souls jackets",3,0,0,0,"Rock'n'roll."
"ARMOR_FREE_ANGELS_JACKET","Free Angels jacket","Free Angels jackets",2,1,0,0,"Rock'n'roll."
"ARMOR_POLICE_JACKET","police padded jacket","police padded jackets",2,2,0,0,"Law, Order and Padded Jackets."
"ARMOR_POLICE_RIOT","anti-riot armor","anti-riot armors",3,3,2,0,"Standard Anti Zombie Riots Gear."
"ARMOR_HUNTER_VEST","hunter vest","hunter vests",1,1,0,0,"It's pretty wild out there."
